"id","sortCategory","text","name","image","slug"
"0","1","The only card back you'll ever need.","Classic","https://d15f34w2p8l1cc.cloudfront.net/hearthstone/f7d4aa4cdcf78441cc8d0bae954a55a271ad9cedc89c611b8fc0cf0859a8a32f.png","0-classic"
"1","5","Hearthstone is a very popular game in Pandaria. Official card game of the Shado-Pan! Acquired from achieving Rank 20 in Ranked Play, April 2014.","Pandaria","https://d15f34w2p8l1cc.cloudfront.net/hearthstone/b2333f26ad0a1c05a784f7dfc3cf088527fe4dbc3cc745db69cc6d809cae481f.png","1-pandaria"
"2","5","""Fel Flame Green"" is always in fashion at the Black Temple. Acquired from achieving Rank 20 in Ranked Play, May 2014.","Black Temple","https://d15f34w2p8l1cc.cloudfront.net/hearthstone/1688973e2a8f7de364432bdf779f5cb3df5b73e880b82a13564507033c27030e.png","2-black-temple"
"3","5","Unfortunately, the rainbow generator can only produce oval rainbows. Gnomish technology still has a ways to go. Acquired from achieving Rank 20 in Ranked Play, June 2014.","Rainbow!","https://d15f34w2p8l1cc.cloudfront.net/hearthstone/0b0c51a191761a7cab6e9f8a14d1ba73b59769433deb05b4b03fa58e1ece9d1b.png","3-rainbow"
"4","2","A generous gift from the Innkeeper. He loves to see his guests having a good time together. Play three matches against players at a Fireside Gathering.","Fireside","https://d15f34w2p8l1cc.cloudfront.net/hearthstone/04a1f1d5ec480f9bd1b4405f919937d89a07ba68849a6a36eadfccaccc1badd6.png","4-fireside"
"5","6","Wow. Hardcore. Acquired from achieving Legend Rank in Ranked Play.","Legend","https://d15f34w2p8l1cc.cloudfront.net/hearthstone/d63c61999d96d5274157b6773b9d5df268db1f45e1fec83b1fa4cd8692364674.png","5-legend"
"6","5","The gooey center is Ooze slime. Don't lick it. Acquired from achieving Rank 20 in Ranked Play, July 2014, or when available in the shop.","Naxxramas","https://d15f34w2p8l1cc.cloudfront.net/hearthstone/3aa1f98339981c49174a60455887627fa41f6b9795eb0279df24616e9d2260ff.png","6-naxxramas"
"7","3","You can tell a lot about an Abomination by his stitching. This one just screams ""insane"". Literally. Acquired from completing the Curse of Naxxramas in Heroic mode.","Heroic Naxxramas","https://d15f34w2p8l1cc.cloudfront.net/hearthstone/b014125a707fa8bd1e53d701b2d58b55d05932c1930836b8884ad5ce5ad21a73.png","7-heroic-naxxramas"
"8","5","In the frozen heart of Icecrown Citadel, a hero's mettle will be tested. Bring a parka. Acquired from achieving Rank 20 in Ranked Play, August 2014.","Icecrown","https://d15f34w2p8l1cc.cloudfront.net/hearthstone/68ccba4348dffb19f3ca71b5b92c0214bc8899b3e32c466d19840f4feb7d782e.png","8-icecrown"
"9","5","Treasure. Grog. Hooks for hands. Way better than Ninjas! Acquired from achieving Rank 20 in Ranked Play, September 2014.","Pirates!","https://d15f34w2p8l1cc.cloudfront.net/hearthstone/0904b701d72dcc801f7b4a4d5795ce04d71c65efd0b374d31bbb3c7336ca7620.png","9-pirates"
"10","5","The Hallow's End candy bucket! Or the Headless Horseman's spare head! Stick your hand in and find out. Acquired from achieving Rank 20 in Ranked Play, October 2014 or when available in the shop.","Hallow's End","https://d15f34w2p8l1cc.cloudfront.net/hearthstone/1e5194573b178167fb27831b1c03038d3ba826363e125d1513a4e8a1e3c1bc59.png","10-hallows-end"
"11","5","4 out of 5 goblins agree: This card back doesn't explode! Acquired from achieving Rank 20 in Ranked Play, November 2014.","Goblins","https://d15f34w2p8l1cc.cloudfront.net/hearthstone/48e341b0c49b463be35521135b2dddf3e48b1b9cb99036a145d407b555cd8460.png","11-goblins"
"12","11","The year Hearthstone was born. What a great year! Acquired by participating in Blizzard events during 2014.","Blizzard 2014","https://d15f34w2p8l1cc.cloudfront.net/hearthstone/9fd2015c86704a0fbb02b7743595acc9539d0a07fe21abc16415dea7cbb3f191.png","12-blizzard-2014"
"13","7","Mascot of Dalaran University. Rarely seen, because no one ever shows up to football games there. Acquired by participating in TeSPA or other college affiliate program.","Dalaran Flame","https://d15f34w2p8l1cc.cloudfront.net/hearthstone/7f59a1483d40404716db200321e3cc04c418018f7953f0cebe87457162d21a0d.png","13-dalaran-flame"
"14","8","When they aren't plotting to kill everyone and take over the world, even the Iron Horde enjoy a game of Hearthstone. Acquired from Warlords of Draenor Digital Deluxe Edition.","Warlords","https://d15f34w2p8l1cc.cloudfront.net/hearthstone/ada3e664203f927c17bc828ba5311da7bb08f3c40a6b3628980c0f1d23eb4a9c.png","14-warlords"
"15","5","This multifunctional device also works as a gnomish army knife, a shoe horn and a pass to the Deeprun Tram. Gnomish ingenuity! Acquired from achieving Rank 20 in Ranked Play, December 2014.","Gnomes","https://d15f34w2p8l1cc.cloudfront.net/hearthstone/bf3ddb64100e1bc350d836b61a1fc3b299404309075a106aac97167121923b9e.png","15-gnomes"
"16","5","Vindicator Maraad was a paladin of great courage and strength. Don't let the pretty pastel tones fool you. Acquired from achieving Rank 20 in Ranked Play, January 2015.","Maraad","https://d15f34w2p8l1cc.cloudfront.net/hearthstone/ae9fe9e0b8dd5daffa9e7b5350a5f51fa7401e2e7215e4d3a44c05fe135f7140.png","16-maraad"
"17","5","Happy New Year! Acquired from achieving Rank 20 in Ranked Play, February 2015 or when available in the shop.","Lunar New Year","https://d15f34w2p8l1cc.cloudfront.net/hearthstone/26cd96725b1d35b41a3fd139dfee947fefcfb318f78db5bf32a9ffd9557a7b63.png","17-lunar-new-year"
"18","10","The Molten Core of Azeroth and not a chocolate lava cake, unfortunately. Was acquired from pre-purchase of Blackrock Mountain.","Molten Core","https://d15f34w2p8l1cc.cloudfront.net/hearthstone/0b9bb1915204c551b7b7b603971cf15cdbae474ee64230367cb3aaf15ee6e246.png","18-molten-core"
"19","5","The Firelord is most often seen relaxing in his hot tub, even when he's trying to burn down the world. Acquired from achieving Rank 20 in Ranked Play, March 2015 or participating in Fire Festival 2019.","Ragnaros","https://d15f34w2p8l1cc.cloudfront.net/hearthstone/d7a0e857b88b946bc213d4c0c42c5e5c90f1c89206feb4751d5e9845eb11f9be.png","19-ragnaros"
"20","12","Solid gold, baby. Acquired with a high level finish in approved eSports events.","Golden Celebration","https://d15f34w2p8l1cc.cloudfront.net/hearthstone/24450ab0c6a1f8061928a44c37439d08d4bd57dcdaf56b66d64fdebb96c8c9b0.png","20-golden-celebration"
"21","3","You didn't actually believe someone named ""Lord Victor Nefarious"" wasn't up to anything nefarious, did you? Acquired from completing Blackrock Mountain in Heroic mode.","Nefarian","https://d15f34w2p8l1cc.cloudfront.net/hearthstone/ab9fd6224b094d81f34ae20961fc3982426227f410d938bb2533d98249421554.png","21-nefarian"
"22","5","""Is that a cupcake on a cake?"""" you ask? Yes. Yes it is. Acquired from achieving Rank 20 in Ranked Play, April 2015 or when available in the shop.","Cupcake","https://d15f34w2p8l1cc.cloudfront.net/hearthstone/b22ec83b34d7007d6eda88e179c8f8ebefc006c0b766bf1b9b5896d16891e112.png","22-cupcake"
"23","5","Stealth. Style. Shurikens. Way better than Pirates! Acquired from achieving Rank 20 in Ranked Play, May 2015.","Ninjas!","https://d15f34w2p8l1cc.cloudfront.net/hearthstone/b4874c185662eeca2cb1865300bc1f808f6666d2de166fa7669f38d5cbbce00d.png","23-ninjas"
"24","8","This arrived for you from the Nexus. Might want to watch out for those whirling blade thingies. Acquired from reaching Player Level 15 in the Blizzard game Heroes of the Storm.","Heroes of the Storm","https://d15f34w2p8l1cc.cloudfront.net/hearthstone/ecdbe78a14c881f172d1a1c40607071f0fca264706522b9b480ee26024d65198.png","24-heroes-of-the-storm"
"25","4","When she wants to shoot an apple on your head, you don't have to worry. Unless you're an orc. Acquired from purchasing the Hero Alleria Windrunner.","Alleria","https://d15f34w2p8l1cc.cloudfront.net/hearthstone/e9a73c87265f634335a52580bee918fc1217d44d93e2a33b10281fe8348aa465.png","25-alleria"
"26","4","As the eldest of the three Bronzebeard brothers, Magni always got the coolest toys. He always shared, though! Acquired from purchasing the Hero Magni Bronzebeard.","Magni","https://d15f34w2p8l1cc.cloudfront.net/hearthstone/e6c6bf383f688a1079c8b833901c147d5a6baa3c9d287628df0fbdbcfcde011d.png","26-magni"
"27","4","He certainly has a thing for crows and ravens. Acquired from purchasing the Hero Medivh.","Medivh","https://d15f34w2p8l1cc.cloudfront.net/hearthstone/002f05d2e99ea4c69696ae94c3d0c2e6f388d8308f831d746c98fb4ea092389c.png","27-medivh"
"28","5","Nestled in the boughs of a giant tree, Darnassus is the capital city of the night elves. Also home of the world famous Darnassus Kimchi Pie! Acquired from achieving Rank 20 in Ranked Play, June 2015.","Darnassus","https://d15f34w2p8l1cc.cloudfront.net/hearthstone/75b0a2d39a57b8ce20bd19e059f36978dc70291f22fcff06124f4524a35b3eb2.png","28-darnassus"
"29","9","Gifts from the Galaxy! This card back is truly out of this world. Awarded through the Samsung Galaxy promotion!","Samsung Galaxy","https://d15f34w2p8l1cc.cloudfront.net/hearthstone/350fdc13e8bbb61acb35d709ce6cfffc0aaf9c6d289ce4141bf006f454d3e859.png","29-samsung-galaxy"
"30","5","Vol'jin's tribe, the Darkspear trolls, no longer practices cannibalism. Officially. Acquired from achieving Rank 20 in Ranked Play, July 2015.","Darkspear","https://d15f34w2p8l1cc.cloudfront.net/hearthstone/3a69badd7fd7d1259a4a117cbb0a5b8045cec9e0d0f249d9cc861ac97f83cdb0.png","30-darkspear"
"31","10","After the fall of the Lich King, it was suggested that we celebrate then go home. Those of us who stayed decided to continue the Tournament with a new mission: FUN! Was acquired from pre-purchase of The Grand Tournament Card Packs.","The Grand Tournament","https://d15f34w2p8l1cc.cloudfront.net/hearthstone/1a24bcd66f13e383598d4d5c5f399c8f0f78fb343eef8187b00ae43555f21485.png","31-the-grand-tournament"
"32","5","All over The Grand Tournament's grounds, you can find knights at jousting practice. Poor target dummies. So much senseless hay shed on the path to glory... Acquired from achieving Rank 20 in Ranked Play, August 2015.","Tournament Grounds","https://d15f34w2p8l1cc.cloudfront.net/hearthstone/6299b53f021bcec707a2eb04b3fcbce409b43a7ef9c98c6583ee93c07523b119.png","32-tournament-grounds"
"33","7","We can feel the energy in the air. And it's coming from... YOU! Acquired from attending approved eSports events.","Power Core","https://d15f34w2p8l1cc.cloudfront.net/hearthstone/487595ef8be29a09f88b456f22a20279ecb021347232d1e8e3d0e9d6a2f465aa.png","33-power-core"
"34","5","The capital city of the draenei is actually a crash-landed dimensional ship. Despite its wonders and Velen's best efforts, its tourism industry is sluggish due to its remote location (and the man-eating mutant plants). Acquired from achieving Rank 20 in Ranked Play, September 2015.","Exodar","https://d15f34w2p8l1cc.cloudfront.net/hearthstone/eb72b23be0bb60eb15af807ed0392f27cc736f55bb7478dfdc45445dbeda1835.png","34-exodar"
"35","5","5 out of 10 ogres agree: this card back is SMASHING! Acquired from achieving Rank 20 in Ranked Play, October 2015.","Highmaul","https://d15f34w2p8l1cc.cloudfront.net/hearthstone/6d2152dba77c84bf588764b4d66e73cc404bc4c691c800de0f0e664f973666e2.png","35-highmaul"
"36","5","A League of Explorers treasure map! Or the Cartographer's grocery list? Let's find out! Acquired from achieving Rank 20 in Ranked Play, November 2015.","Explorer's Map","https://d15f34w2p8l1cc.cloudfront.net/hearthstone/d3999b1f49ee0f5fffee7d3c199551b3ab38cd438e6425cc761a13f13b4e3599.png","36-explorers-map"
"37","3","Wait, isn't this staff supposed to be in the museum? RENO!!! Acquired from completing the League of Explorers in Heroic mode.","Staff of Origination","https://d15f34w2p8l1cc.cloudfront.net/hearthstone/bec82d0a58533168bcb7af2cc2d339a826946fe7aa76254bbd3d2b7cf59d6c0e.png","37-staff-of-origination"
"38","11","Hearthstone on phones, Tavern Brawls, Blackrock Mountain, The Grand Tournament and more! A very cool year, indeed. Acquired by participating in Blizzard events during 2015.","Blizzard 2015","https://d15f34w2p8l1cc.cloudfront.net/hearthstone/c542e263e54174ed1c883590919db91eb6e133096c533986c87b3040e81aecfa.png","38-blizzard-2015"
"39","8","Came with a note. What on Azeroth does ""En Taro Adun"" mean? Acquired from Legacy of the Void Deluxe Edition.","Legacy of the Void","https://d15f34w2p8l1cc.cloudfront.net/hearthstone/6f925041a8a34f4f433841f85a75f41b98e87c729954b50148868614e4f4e39b.png","39-legacy-of-the-void"
"40","5","Many believe goblins made up this holiday to sell candy. It's not true! They also sell flowers and perfume! Acquired from achieving Rank 20 in Ranked Play, January 2016 or when available in the shop.","Love Is in the Air","https://d15f34w2p8l1cc.cloudfront.net/hearthstone/a71a68b873ecfc28ba59ecff40e81e0d9ed21acb9abc10a711f47a12d4f54671.png","40-love-is-in-the-air"
"41","5","Unofficial slogan: ""Great warriors come from happy Tauren tribes. Happy Tauren come from Thunder Bluff!"" Acquired from achieving Rank 20 in Ranked Play, February 2016 or when available in the shop.","Thunder Bluff","https://d15f34w2p8l1cc.cloudfront.net/hearthstone/66be1acdb5b5bf4cdfea6f7f1296f921a38e81e19478b6886a599f0e0156b00c.png","41-thunder-bluff"
"42","5","The World Shaman is probably THE best known celebrity in Azeroth. It's a mystery that his signature necklace never caught on as a fashion trend. Acquired from achieving Rank 20 in Ranked Play, December 2015 or when available in the shop.","Thrall","https://d15f34w2p8l1cc.cloudfront.net/hearthstone/b0e24fca6ac3550335123fe45ce823603758614caab31239a789dd2368db724c.png","42-thrall"
"43","13","A beautiful Winter Veil wreath around a snow globe full of THE FROSTY DESTRUCTION OF YOUR OPPONENTS! I mean... good cheer. Acquired from Winter Veil 2015-2017 or when available in the shop.","Winter Veil Wreath","https://d15f34w2p8l1cc.cloudfront.net/hearthstone/0e08af6051163dc21d5c13f572144db9e4041a21d7efcee20505c8949bdeb086.png","43-winter-veil-wreath"
"44","8","The cavalry's here! Acquired from Overwatch Origins or Collector's Edition.","Overwatch","https://d15f34w2p8l1cc.cloudfront.net/hearthstone/0ddbae5ccfb80e5f7dd094798f5349b3e0097197e0b602bd886df7ce384e0b39.png","44-overwatch"
"45","10","For an Old God who's stuck in the lightless depths of an ancient temple, C'Thun sure has a lot of eyeballs. Was acquired from pre-purchase of the Whispers of the Old Gods Card Packs or when available in the shop.","Eyes of C'Thun","https://d15f34w2p8l1cc.cloudfront.net/hearthstone/a50e24625bf599783036fae755583ab60c665e0de406170573aeabadb5cd9034.png","45-eyes-of-cthun"
"46","5","The Terror of Elwynn, the King of Gnolls. They say he bathes in the tears of young heroes, hence the wet dog smell. Acquired from achieving Rank 20 in Ranked Play, March 2016.","Hogger","https://d15f34w2p8l1cc.cloudfront.net/hearthstone/90e2b4c597409d4487f4e593b1e76f96e695c6d366f615325a14b46ceacff678.png","46-hogger"
"47","5","There are several cults trying to summon the Old God Yogg-Saron, and the competition for cultists is causing salaries to skyrocket. Acquired from achieving Rank 20 in Ranked Play, April 2016 or when available in the shop.","Clutch of Yogg-Saron","https://d15f34w2p8l1cc.cloudfront.net/hearthstone/8ed1ed4e37ea72d60c1d11e13a956fdc4e76dfd6e044447a59a8844d81cf711d.png","47-clutch-of-yogg-saron"
"48","5","After Outland became what it is, Shadowmoon Valley has always been full of demonic energy. Gul'dan's favorite spa destination! Acquired from achieving Rank 20 in Ranked Play, May 2016.","Shadowmoon Valley","https://d15f34w2p8l1cc.cloudfront.net/hearthstone/c97863b3d891ed966f62a5853b1507c4601f3c0a003b39a78bd38324dcafc5bb.png","48-shadowmoon-valley"
"49","5","Home of the Drakkari ice trolls, Zul'Drak consistently produces the best figure skaters of all the troll tribes. Acquired from achieving Rank 20 in Ranked Play, June 2016.","Zul'Drak","https://d15f34w2p8l1cc.cloudfront.net/hearthstone/0978e18bccfa0394f53d9ace4c37664c25806f38b02d6f2199bbcfc6a991e414.png","49-zuldrak"
"50","5","Surrounded by fertile farmland that grows delectable giant produce, Halfhill is the culinary heart of Pandaria. ""Come to Halfhill! Double your weight!"" Acquired from achieving Rank 20 in Ranked Play, November 2016.","Halfhill","https://d15f34w2p8l1cc.cloudfront.net/hearthstone/757b2a3940f5a75cd2b79f2afe353d6ad836df1ede4f571651f56b1491464687.png","50-halfhill"
"53","3","Don't tell Netherspite, but mischievous guests have been getting into all manner of shenanigans with his portals! Acquired from completing One Night in Karazhan in Heroic mode.","The Blue Portal","https://d15f34w2p8l1cc.cloudfront.net/hearthstone/f4c3f16f1ae5ea36d5749baea181891e8d5b0b1649d5b9ea293c86175e6484c7.png","53-the-blue-portal"
"54","5","Be sure to pack your picnic basket, towel, and Anti-Murloc Spray. Acquired from achieving Rank 20 in Ranked Play, July 2016.","Tinyfin Beach","https://d15f34w2p8l1cc.cloudfront.net/hearthstone/87b0954db20bb4570d79aa328fcf1e44e69c2b37750fbff8919e782b171fca9e.png","54-tinyfin-beach"
"56","10","Watch your step! Dancing Tauren are notorious for accidentally crushing toes. Acquired by purchasing all wings of One Night in Karazhan within one week of launch.","Karazhan Nights","https://d15f34w2p8l1cc.cloudfront.net/hearthstone/d296b72ab5c871ec5e57f39d9dbd3f8f85937927d291fd496780cd28a7bb09c1.png","56-karazhan-nights"
"58","5","You're Invited! Please leave your giant bear with the valet. Acquired from achieving Rank 20 in Ranked Play, August, 2016.","Medivh's Invitation","https://d15f34w2p8l1cc.cloudfront.net/hearthstone/37537ad40317a98efb77562accfbee33fbd7d31db4d6107931eb409a7703cd63.png","58-medivhs-invitation"
"60","4","Every Midsummer's Eve, night elf children gather in the Temple of the Moon for Tyrande's amazing planetarium show, ""By the Light of Elune."" Acquired from a special promotion.","Tyrande","https://d15f34w2p8l1cc.cloudfront.net/hearthstone/43e291be05e41914b2ad8d658c5c15ddee2962776f5eb5d5be585783da71b314.png","60-tyrande"
"61","5","The Burning Legion attempted to invade Azeroth three times in the last 10,000 years. Fourth time's the charm? Acquired from achieving Rank 20 in Ranked Play, September 2016.","Legion","https://d15f34w2p8l1cc.cloudfront.net/hearthstone/c0b21f5b7006a815db862cb53d0eff2225e39a963f9eba16a76cd7fcd33af87f.png","61-legion"
"62","5","Pilgrim's Bounty feasters await the arrival of delicious cherry pie. The bakers have only one request: Please eat a piece before the FOOD FIGHT begins! Acquired from achieving Rank 20 in Ranked Play, October 2016.","Pie","https://d15f34w2p8l1cc.cloudfront.net/hearthstone/7c2fb6e3b05b46664cd35c9990b2ee4ec188c3f818f5ea971ffea4433758a246.png","62-pie"
"64","11","Pull up a chair by the fireside at BlizzCon's Hearthstone Tavern, then play a few hands with this year's convention-innspired card back. Acquired by participating in Blizzard events during 2016.","Welcome Inn","https://d15f34w2p8l1cc.cloudfront.net/hearthstone/5f305cbab2a58a16e7ddebdd327b1db2214860e7cd6bd0ed393828ae6706d491.png","64-welcome-inn"
"65","13","Moo. That's right. You heard me. Acquired from The Dark Wanderer Tavern Brawl, 2017.","Secret Level","https://d15f34w2p8l1cc.cloudfront.net/hearthstone/87bcdc1dca1b6748560b6f1fee6fe697ee08b28b322f9f9420729e8ec9f9ac7b.png","65-secret-level"
"66","5","The Jade Lotus is the newest of the three groups vying for Gadgetzan. They're hip with today's criminal youth. Acquired from achieving Rank 20 in Ranked Play, December 2016.","Jade Lotus","https://d15f34w2p8l1cc.cloudfront.net/hearthstone/bef0a436dd9cbd1303a498677f4bbd09d53dd02f078b2bc5801f96859ffa41fb.png","66-jade-lotus"
"67","5","The Grimy Goons once kicked a guy out for tucking a Ragnaros up his sleeve. Acquired from achieving Rank 20 in Ranked Play, January 2017.","Grimy Goons","https://d15f34w2p8l1cc.cloudfront.net/hearthstone/9569550e66067e6aadf230f035ba0fec391a37aff801fad84d9a3b6e8cedbc28.png","67-grimy-goons"
"68","5","The Kabal are notorious for potions, treachery, and accidentally blowing themselves up with 10-mana spells. Acquired from achieving Rank 20 in Ranked Play, February 2017.","Kabal","https://d15f34w2p8l1cc.cloudfront.net/hearthstone/05fc4f42639335e965d578031be09a08b78ec28aa85f4b1c8313c9fe7b53b01d.png","68-kabal"
"69","5","RELEASE THE CARDBACK! Acquired from achieving Rank 20 in Ranked Play, March 2017.","Year of the Kraken","https://d15f34w2p8l1cc.cloudfront.net/hearthstone/77dab5c33d85c530504c5e41f85c09ff37a5450fdf69ef331500a35a4b8467d8.png","69-year-of-the-kraken"
"70","10","Recent discoveries from the tar pits of Un'Goro have shed great insight on the evolution of card backs! Was acquired from pre-purchase of Journey to Un'Goro Card Packs.","Fossil","https://d15f34w2p8l1cc.cloudfront.net/hearthstone/23e33a0a79f53d65cbb874d6aeee4608f78ef720c8966ce474a2fcf3b5286210.png","70-fossil"
"71","5","Arthas' corruption of the Sunwell really put a damper on the tourism industry of Quel'Thalas. Acquired from achieving Rank 20 in Ranked Play, May 2017.","Sunwell","https://d15f34w2p8l1cc.cloudfront.net/hearthstone/7ccb89038df9a6788eba7b4fba3c286a1f76efedad2cba2a0fdffef728f08382.png","71-sunwell"
"93","5","These long-lost card backs require a machete to shuffle. Acquired from achieving Rank 20 in Ranked Play, April 2017.","Un'goro Mystery","https://d15f34w2p8l1cc.cloudfront.net/hearthstone/50629f3b8642537025a333454eede0a97c19b7a410a81f26f8b98a8048778cbc.png","93-ungoro-mystery"
"94","7","Celebrate the intensity of competition with this, the Hearthstone equivalent of a gigantic foam finger. Acquired from attending approved eSports events.","Thrill of Victory","https://d15f34w2p8l1cc.cloudfront.net/hearthstone/91f278ac7c99e3f16bd0a59cbc348b84a2a35ce45628c61dece21f7bad2c54de.png","94-thrill-of-victory"
"95","5","Deep within the Halls of the Guardian, the most powerful mages of Azeroth forged a magical card back and uttered this arcane incantation: ""Pick a card, any card..."" Acquired from achieving Rank 20 in Ranked Play, June 2017 or when available in the shop.","The Magic of Dalaran","https://d15f34w2p8l1cc.cloudfront.net/hearthstone/de90cb640512a4d3e2468c47984b0cf31692d892353353bb94a5f2c920175e94.png","95-the-magic-of-dalaran"
"96","5","Buoy oh buoy! Is it reely time for fishing puns? We think knot. Acquired from achieving Rank 20 in Ranked Play, November 2017.","Gone Fishin'","https://d15f34w2p8l1cc.cloudfront.net/hearthstone/1c762af55c33111178c52376f5c54de780d224fecac086fc06d170fa36130a93.png","96-gone-fishin"
"97","7","A card back unleashed from the realm of infinite darkness. Looks wicked rad under a blacklight. Acquired from a special promotion.","Call of the Void","https://d15f34w2p8l1cc.cloudfront.net/hearthstone/a69ea2b7330cc5baefed25d81fe5653049323f3cabcfac069ca97982fc1a2226.png","97-call-of-the-void"
"98","7","A card back called forth from the realm of undying light. Gives hope to all mankind (except your opponent.) Acquired from a special promotion.","Call of the Light","https://d15f34w2p8l1cc.cloudfront.net/hearthstone/44380ad0784513eacbb730bd67d4cab8235d5702f10ce41c49b65adbfe6f1b41.png","98-call-of-the-light"
"99","10","The undealt shuffle among us, raised from the deck for the cold hand of the Lich King. Acquired from the Knights of the Frozen Throne pre-purchase bundle.","Frostmourne","https://d15f34w2p8l1cc.cloudfront.net/hearthstone/134fbe30e31ea5e34a35f4ca68327156c7fea3f4b220009dd1f93b9dfa182eee.png","99-frostmourne"
"101","5","Gather 'round the fire for a toasty treat! (Card back not actually edible.) Acquired from achieving Rank 20 in Ranked Play, July 2017.","HearthS'mores","https://d15f34w2p8l1cc.cloudfront.net/hearthstone/516b39dae2f9299d6256991b929817d9176a9872ad5385d17c00bb85bba5ac7b.png","101-hearthsmores"
"103","5","You provide the sweat and tears, this card back does the rest. Acquired from achieving Rank 20 in Ranked Play, August 2017.\t","Blood Knight","https://d15f34w2p8l1cc.cloudfront.net/hearthstone/96998cd4efc162ce111aaf88b768437378af75290d6bb1c9829317b62625ea29.png","103-blood-knight"
"106","5","A card back so powerful it allows you to walk on water! (If frozen.) Acquired from achieving Rank 20 in Ranked Play, September 2017.","Frost Knight","https://d15f34w2p8l1cc.cloudfront.net/hearthstone/6ffdf8626628e35a991f5287a1ace9f7fe83fede0206f6a556276c5bb716f43f.png","106-frost-knight"
"114","5","Power corrupts. Absolute power corrupts... AWESOMELY. Acquired from achieving Rank 20 in Ranked Play, October 2017.","Unholy Knight","https://d15f34w2p8l1cc.cloudfront.net/hearthstone/f603e47312ea43d0822ecc91dfd6d7735c270f244bc96160750dd096d14442cd.png","114-unholy-knight"
"118","10","<i>In caverns old The kobolds hide Silver and gold, oh! ** You have died **</i> Acquired from the Kobolds & Catacombs pre-purchase bundle.","For the Hoard!","https://d15f34w2p8l1cc.cloudfront.net/hearthstone/e72104807ff0d9f5270289739b87de129d84d588b4f4cc0020754296bd49810d.png","118-for-the-hoard"
"119","3","It is better to light a candle than curse The Darkness. But you can do both. Acquired from successfully completing the Kobolds & Catacombs dungeon run with all nine classes.","Candle King","https://d15f34w2p8l1cc.cloudfront.net/hearthstone/d5e8ef15ca2eb31af335ca99d643e0f12f2e58751b6b07dfe5f42ee557b36a2b.png","119-candle-king"
"122","5","This card back has already been searched for traps. Acquired from achieving Rank 20 in Ranked Play, December 2017.","Catacomber","https://d15f34w2p8l1cc.cloudfront.net/hearthstone/6051604b43a5390d66e585b207ce39debc46a444b35b7316c18f0759d1138873.png","122-catacomber"
"123","5","No matter the chill in the air, the tavern is always warm and welcoming. Acquired from achieving Rank 20 in Ranked Play, January 2018.","Frostfire","https://d15f34w2p8l1cc.cloudfront.net/hearthstone/f800d0e1a946ddde63f3547a02b34fedc688f2f3835bbb63ae4efe833527d19d.png","123-frostfire"
"125","8","War is a terrible thing. Although highly profitable for both red and blue flagmakers. Acquired from the Battle for Azeroth Collector's Edition.","Azeroth is Burning","https://d15f34w2p8l1cc.cloudfront.net/hearthstone/d219c663a2583520d82e4c92616bdc99c618c1f90eb207b62c450332ba9083ee.png","125-azeroth-is-burning"
"128","5","If you can't beat 'em with strategy, dazzle 'em with magic and glitter! Acquired from achieving Rank 20 in Ranked Play, February 2018.","Sparkles","https://d15f34w2p8l1cc.cloudfront.net/hearthstone/86fc447d853b93a3ec2e647fac97b3b1ec459afbc623da49a8353059e4932bad.png","128-sparkles"
"129","10","The forest was eerily quiet. Aside from the howls. And the screaming. Acquired from the Witchwood pre-purchase bundle.","In a Dark Wood","https://d15f34w2p8l1cc.cloudfront.net/hearthstone/649a5098a0e2b3d7ac01255b2f046081d4da532af5eca736801fb2b205d4acd8.png","129-in-a-dark-wood"
"130","5","It was a big year. Massive. Sure, things got a little wooly, but that’s irrelephant. Acquired from winning five games in Ranked Play, March 2018.","Year of the Mammoth","https://d15f34w2p8l1cc.cloudfront.net/hearthstone/c4ea8d0ac2df41edbebca40aa0d34f8dc222533a65f6e55a887cd0175e400b45.png","130-year-of-the-mammoth"
"131","3","When fancy weapons and gadgets fail, there’s always tooth and claw. Acquired from completing the Monster Hunt with all four heroes and defeating Hagatha.","Monster Hunter","https://d15f34w2p8l1cc.cloudfront.net/hearthstone/9b4b12ae36a538687190416d42b34decbe66d4a6ff4f8fe885d82fd505fcf367.png","131-monster-hunter"
"135","5","The finer Gilnean homes feature ""Howling Verandas"" with unobstructed lunar views. Acquired from winning five games in Ranked Play, April 2018.","Raise the Roof","https://d15f34w2p8l1cc.cloudfront.net/hearthstone/4948abb52d4e9c3e5efeb237af025d633a18178360c5a74174e479ad814fc990.png","135-raise-the-roof"
"136","5","Sometimes you just gotta frolic through the grass. Acquired from winning five games in Ranked Play, May 2018.","Lunara's Garden","https://d15f34w2p8l1cc.cloudfront.net/hearthstone/9c53eddbbe39e937f96a9623349fed61cdf8bcae0ab712b83e935d4d9e614c07.png","136-lunaras-garden"
"137","5","The blue dragonflight jealously guards the secrets of magic, such as: Where do all those colored hankies come from? Acquired from winning five games in Ranked Play, June 2018.","Back in Blue","https://d15f34w2p8l1cc.cloudfront.net/hearthstone/7086375ecf8c9e374015db99582ac7ee8f9b1feea9572d8aa5fddeac86d5043b.png","137-back-in-blue"
"138","5","Behold, a grand Army of the Light! Dealing out justice 30 cards at a time. Acquired from winning five games in Ranked Play, July 2018 or when available in the shop.","Lightforged","https://d15f34w2p8l1cc.cloudfront.net/hearthstone/2c4919628d1e684e48adc62164f1b36fa108262b3fe0c18b346002ed3fc7901a.png","138-lightforged"
"139","5","When life gives you lemons, make delicious card backs! Acquired from winning five games in Ranked Play, August 2018.","Lemonade","https://d15f34w2p8l1cc.cloudfront.net/hearthstone/31c642ca4ded90fbe01aec739e19fb0c0b815610be721ddaf1ae72e1d5a45b46.png","139-lemonade"
"142","10","THANK YOU FOR MAKING MY CARD BACK, TRIFLING HUMANS! Acquired from the Boomsday Project pre-purchase bundle.","Mecha-Jaraxxus","https://d15f34w2p8l1cc.cloudfront.net/hearthstone/ed769ff1a31ac43047932830e091d10c225b7e23c4ca8038a05f654ac165cdda.png","142-mecha-jaraxxus"
"143","3","Show your opponent that you’re a mad genius! Or maybe a happy one, depending on the mulligan. Acquired from completing all of Dr. Boom’s puzzles.","Boomsday!","https://d15f34w2p8l1cc.cloudfront.net/hearthstone/a32cbde59d667f539d138502af9054a022200e969e59684d8428311709fa602b.png","143-boomsday"
"144","5","Is this a tribute to the notorious rogue Edwin VanCleef? Nobody knows. Because it wears a mask. Acquired from winning five games in Ranked Play, October 2018.","VanCardback","https://d15f34w2p8l1cc.cloudfront.net/hearthstone/822590be246a761a50f768a4167d4ab2a454ef103b6f288fe3d4e8d43002b24e.png","144-vancardback"
"145","5","Time to experiment! Will you make bombs? Or will you make... MORE bombs? Acquired from winning five games in Ranked Play, September 2018.","Dr. Boom's Lab","https://d15f34w2p8l1cc.cloudfront.net/hearthstone/92b8041f3df9b758aae39e91ca18ea3dc23bd4bd4d77342bbbf36f5e667191c8.png","145-dr-booms-lab"
"147","5","Night elves use Moonwells to replenish their magical energies. They’re also used in a popular orc prank involving dish soap. Acquired from winning five games in Ranked Play, November 2018.","Moonwell","https://d15f34w2p8l1cc.cloudfront.net/hearthstone/a9d339d6d9ccd91c5e91d5f9c21c373817b4bc88296ff6b74678cc7fbe8cc26f.png","147-moonwell"
"148","11","The stars have aligned into a monumental year for Hearthstone! Acquired by participating in Blizzard events during 2018.","Blizzard Events 2018","https://d15f34w2p8l1cc.cloudfront.net/hearthstone/4be5195c34c07b6a57095e45dfd3856b160802ffa6051df0384b186b32bf2e7e.png","148-blizzard-events-2018"
"149","5","The Frostwolf orc clan trains frost wolves as loyal companions. What a crazy coincidence! Acquired from winning five games in Ranked Play, December 2018.","Frostwolf","https://d15f34w2p8l1cc.cloudfront.net/hearthstone/7edbc4725f6fa7303131c4dfe62025b3cf4f101e704153209380a596e31c19cf.png","149-frostwolf"
"150","8","‘Twas the third time Azeroth was engulfed in the chaos of war, and by now they were exceedingly good at it. Acquired from the Warcraft III: Reforged promotion.","The Third War","https://d15f34w2p8l1cc.cloudfront.net/hearthstone/a980a15d888a05cbff8851855ec9802ccf100de43d062b24938eb07889fc4f71.png","150-the-third-war"
"151","10","<i>In Stranglethorn did Rastakhan A stately card back, gold, decree: Where trolls and sacred loa ran In pits so loud and choked with fans who cheered them on with glee.</i> Acquired from the Rastakhan’s Rumble pre-purchase bundle.","Ready to Rumble!","https://d15f34w2p8l1cc.cloudfront.net/hearthstone/98e8b5d0c9605743748bda321acf9c0a8ad2f1b6240e7103bb934fa1f44f0264.png","151-ready-to-rumble"
"152","9","We get by with a little help from our friends. In chat. By posting funny emotes. Acquired from a special promotion.","Good Cheer","https://d15f34w2p8l1cc.cloudfront.net/hearthstone/686458e04f3196fb44c1140a03a669b9f11e70b2fa4d5e445576cff67670ba50.png","152-good-cheer"
"153","3","Your ranked opponents will shudder in fear knowing that they face... <i>a champion.</i> Acquired by successfully completing a Rumble Run.","Rumble Runner","https://d15f34w2p8l1cc.cloudfront.net/hearthstone/c5c976cfa8b4980e66ca69cb69da64118fa42afd442eb0a9dc70e06a2ef6f5db.png","153-rumble-runner"
"154","5","Impress your friends with Hearthstone’s coolest card back. Acquired from winning five games in Ranked Play, January 2019.","Chillin’","https://d15f34w2p8l1cc.cloudfront.net/hearthstone/84470521012d1110eb335f11be334aae6fd4823d3d6750566cdb7a567878c82f.png","154-chillin"
"155","5","For when you want to build a deck with extra cheese. Acquired from winning five games in Ranked Play, February 2019.","Pizza Stone","https://d15f34w2p8l1cc.cloudfront.net/hearthstone/f0134ffd77c84ab4d16a7274ac02e6b5b6f211b252fa71014f398cafccf1385a.png","155-pizza-stone"
"156","13","Every deck should have 30 cards *crunch crunch crunch* but 29 is fine. Acquired from Winter Veil 2018","Winter Veil Treat","https://d15f34w2p8l1cc.cloudfront.net/hearthstone/5d354c0a25c15e385863b21a4b8e3dda72f01d4c208726fd4d23a970987c47c2.png","156-winter-veil-treat"
"157","13","Look out! This card back's gone viral! Acquired by encountering another player with the Mark of Hakkar card back in any play mode.","Mark of Hakkar","https://d15f34w2p8l1cc.cloudfront.net/hearthstone/3d9ec2597966a02bd9daea5baf71e1601d87f7af6f84b8ca0ab47518287d5676.png","157-mark-of-hakkar"
"158","1","The Innkeeper offers to shuffle your cardbacks randomly for you. Use this cardback if you would like to have a random cardback you own assigned whenever you play!","Random","https://d15f34w2p8l1cc.cloudfront.net/hearthstone/d835067892840acd343eac4626e339e6555d38c71aee7ee6ee77a5ce588fd438.png","158-random"
"159","9","It's even brighter than Malto's glorious beard. Acquired by logging in on an iOS device.","Pristine Scenes","https://d15f34w2p8l1cc.cloudfront.net/hearthstone/fdd722d9688e472914358c55a80a6886531bef46f5fb43ca5e194b6e4f9d2fda.png","159-pristine-scenes"
"160","9","It isn't always easy being green, but it's definitely awesome! Acquired by logging in on an Android device.","Legion Schemes","https://d15f34w2p8l1cc.cloudfront.net/hearthstone/6850da2ebcac895fdf1ee5e1bc87a5273ce45bec6f014d12c21f50264b74754c.png","160-legion-schemes"
"161","9","Some machines are reportedly capable of transporting heroes into Harth's tavern, but it’s just a rumor. Acquired by logging in on a PC.","Machine Dreams","https://d15f34w2p8l1cc.cloudfront.net/hearthstone/43eb28f804dab80e2d86c6158b7b02fe26af757ac5f165a42511d86fe3c396ea.png","161-machine-dreams"
"162","5","A seaworthy card back that can anchor even the naughtiest of nautical decks. Acquired from winning five games in Ranked Play, March 2019.","Kul Tiras","https://d15f34w2p8l1cc.cloudfront.net/hearthstone/ddf31a993ff52f0467f2a18e3709cfe48aa2a4b0822d3bbf52e60d7af52f0394.png","162-kul-tiras"
"163","5","This card back will wilt your enemy's crops, ruin their skin, and eat the last piece of their favorite candy. It's just that evil. Acquired from winning five games in Ranked Play, April 2019.","Card of Shadows","https://d15f34w2p8l1cc.cloudfront.net/hearthstone/121ad02ec9d8820eb7fe4cce4e50bcd6aa917390cf891e4c543362dd90022987.png","163-card-of-shadows"
"164","10","It has an important message, but it's a riddle shrouded in a song. Acquired from pre-ordering the Rise of Shadows bundle.","Jewel of Lazul","https://d15f34w2p8l1cc.cloudfront.net/hearthstone/6e164d31126ebbd41601ae788a55cc2dc167d65013891c5556a400cc5e110d64.png","164-jewel-of-lazul"
"165","5","Celebrate the fleeting beauty of spring with this eternally pretty card back. Acquired by winning 5 games in ranked mode, May 2019 or when available in the shop.","Awesome Blossom","https://d15f34w2p8l1cc.cloudfront.net/hearthstone/c64606c23538747819168e9dd6003e0fc9e4c602707bf11af854cc587db64877.png","165-awesome-blossom"
"166","10","The hardest part of stealing thunder is getting away with it quietly. Acquired from participating in an authorized promotion or when available in the shop.","Stolen Thunder","https://d15f34w2p8l1cc.cloudfront.net/hearthstone/5948ecfbd9aee3b3cbe7895aeebdb6ec115fc24d914c715769b381f2ea65e396.png","166-stolen-thunder"
"167","5","Something about this card is not quite right... Acquired by winning 5 games in ranked mode, June 2019.","Suramar","https://d15f34w2p8l1cc.cloudfront.net/hearthstone/0de8000757932480b8e74569cbc8cd9c864b7bf4bc735c2176e1d5cc72644ee8.png","167-suramar"
"168","3","It's official—your mischief is greater than any magic in the city of Dalaran! Acquired by successfully completing The Dalaran Heist.","Prize of Shadows","https://d15f34w2p8l1cc.cloudfront.net/hearthstone/f28dcea7dd6b3391ae426e0eda52435b39d38442c7c5de890ba427399e5af3d5.png","168-prize-of-shadows"
"169","3","Seriously though, you shouldn't always do what E.V.I.L. villains tell you to. Acquired from completing The Dalaran Heist in Heroic mode.","Got Away with It!","https://d15f34w2p8l1cc.cloudfront.net/hearthstone/cbea8082c37ffe1ca1ce9bc9e89097c23020233eb9fe073b748f7792c1aaa10d.png","169-got-away-with-it"
"172","5","Long ago, this card back took up its sacred duty to keep negative emotions from overrunning your board. Though mysterious, it is highly effective. Acquired by winning 5 games in ranked mode, July 2019.","Shado-Pan","https://d15f34w2p8l1cc.cloudfront.net/hearthstone/3c6a80e4f5b10c1f28b73ee724d152e816caec7407b4bc90d1fc633e6175e52e.png","172-shado-pan"
"173","10","There once was a League of Explorers Who championed history and order. Without any delay, They could save every day And vanquish all greedy loot hoarders. Acquired from pre-purchasing Tombs of Terror.","League of Explorers","https://d15f34w2p8l1cc.cloudfront.net/hearthstone/ebadf7b869218f52a8061b007c2c16a22fe5d718754f4b804ba92a1bf2a6f841.png","173-league-of-explorers"
"174","10","These pages detail her extraordinary adventures, artifact research, and pince-nez cleaning tips. Acquired from pre-purchasing the Saviors of Uldum bundle.","Elise’s Journal","https://d15f34w2p8l1cc.cloudfront.net/hearthstone/b7c494e4a45d32467e54543cf3c657e375e976f366e7bd54236a638e458d65fb.png","174-elises-journal"
"175","5","Vol'dun's a little dry and sandy, but it sure has good bones. Acquired by winning 5 games in ranked mode, September 2019.","Sea of Dunes","https://d15f34w2p8l1cc.cloudfront.net/hearthstone/7d7b8ed692f03b38fdeb93e5447b6d1de59e7311814c87cf2eb6095d6dff2ef5.png","175-sea-of-dunes"
"176","5","Was it really a raven? Or was Medivh meddling with everything in disguise all year long?! Acquired by winning 5 games in ranked mode, August 2019.","Year of the Raven","https://d15f34w2p8l1cc.cloudfront.net/hearthstone/8a8314c963ecb4bcd71295b952348ed068bca5099e6888c3ec600c2f098ed094.png","176-year-of-the-raven"
"177","5","Come for the questionable carnival games, stay for the deep fried candybars! Acquired by winning 5 games in ranked mode, October 2019.","Darkmoon Faire","https://d15f34w2p8l1cc.cloudfront.net/hearthstone/ab95618779e5bb7b56e290c5ab278c855991fb618c492654586e1d1f0518fd76.png","177-darkmoon-faire"
"178","3","Thanks to the League of Explorers, the titans' creations will go on and on... Acquired by successfully completing Tombs of Terror.","Titanic Tasks","https://d15f34w2p8l1cc.cloudfront.net/hearthstone/9da0aa6b46b91b4c9984fb0d80a123ad36522054bdacf932490bd1bc05dffb59.png","178-titanic-tasks"
"179","3","You came, you saw, you almost went bonkers! Acquired from completing Tombs of Terror in Heroic mode.","Tomb Invader","https://d15f34w2p8l1cc.cloudfront.net/hearthstone/3f9cc1bea8b735ec9ab8618786d98cbe0679c78ad98c2f21c8f2fc8963e50cfc.png","179-tomb-invader"
"180","11","Listen to the noise coming from that party! Wait, no… that's a battleground! Acquired by participating in Blizzard events during 2019.","Blizzard Events 2019","https://d15f34w2p8l1cc.cloudfront.net/hearthstone/197dc117f720706c12139f1ff036d688fe12add2167e45803187b243c707759c.png","180-blizzard-events-2019"
"181","10","This card back accidentally stood in the fire, but it still looks cool! Acquired from pre-purchasing the Descent of Dragons bundle.","The Shattering","https://d15f34w2p8l1cc.cloudfront.net/hearthstone/4c889029ab4acc0b3760d0c370cbd412d70df3ae9a7ef5b887bdfacde908ccf2.png","181-the-shattering"
"185","5","A sugary card back to honor the dead. Because they outnumber us. Acquired by winning 5 games in ranked mode, November 2019.","Cake of the Dead","https://d15f34w2p8l1cc.cloudfront.net/hearthstone/1b6959ea9f0bd6d13592fb01697756e1ad3f5a67b9b63e57b1e52f939896edcc.png","185-cake-of-the-dead"
"186","5","Somewhere through the Dark Portal, demons fly, and the fel power you dream of crackles through the sky! Acquired by winning 5 games in ranked mode, December 2019.","Hellfire Peninsula","https://d15f34w2p8l1cc.cloudfront.net/hearthstone/c88c9f77f9260e88254a05160cf665b9244416cf5e4073d771682a22d6067f09.png","186-hellfire-peninsula"
"188","4","Unlike the Ancient of War, she prefers the quiet of a friendly card game. Acquired from purchasing the Hero Dame Hazelbark.","Dame Hazelbark","https://d15f34w2p8l1cc.cloudfront.net/hearthstone/33a8a08cbc53b508791db66d604e7dca903a81a058f622eb35f2fb1ef3d237a0.png","188-dame-hazelbark"
"189","3","We all knew that the forces of good would win because they have better hats. Acquired from completing the explorers' book in Galakrond's Awakening Heroic mode.","Book of Explorers","https://d15f34w2p8l1cc.cloudfront.net/hearthstone/ab5d7837627058d0ff2ff635b29fbc5e4f94bc35fe466e93eb9742a924688ca8.png","189-book-of-explorers"
"190","3","It's dangerous and immoral, but an incredibly engrossing read! Acquired from completing the E.V.I.L. book in Galakrond's Awakening Heroic mode.","Book of E.V.I.L.","https://d15f34w2p8l1cc.cloudfront.net/hearthstone/1ed673b20e931c17ab4d5079fb61eefa78eb47218ade2175389a094d3a66fc46.png","190-book-of-evil"
"191","4","The melody of a high elf lamentation plays, as though invoking a distant memory. Acquired by purchasing the Hero Sylvanas Windrunner.","Banshee Queen","https://d15f34w2p8l1cc.cloudfront.net/hearthstone/1be0b6e403b101a4a89c2e3ad1fb93bac6ce4c310a053bae7c875b1fc69ef863.png","191-banshee-queen"
"193","5","If you lift this shell to your ear, you'll hear the sounds of your games from this month… Don't hold it too close. Acquired by winning 5 games in ranked mode, January 2020.","Shoring Up","https://d15f34w2p8l1cc.cloudfront.net/hearthstone/c03814e1b7a9bcbd8a27ef5ef0f7b728a03cfaff2eaa897b8fa7dcbb917644f9.png","193-shoring-up"
"194","5","Don't worry! This card back will remain lush and lovely even if you forget to water it. Acquired by winning 5 games in ranked mode, February 2020.","Desert Bloom","https://d15f34w2p8l1cc.cloudfront.net/hearthstone/a9a0d8b0f65012ce975ce16f4fb8ad60c95ce140872a79d952a4cafd912dea12.png","194-desert-bloom"
"195","9","The good were never better, the bad were never worse, the dragon was awoken, and then that was reversed! Acquired from participating in a special promotion.","Year of the Dragon","https://d15f34w2p8l1cc.cloudfront.net/hearthstone/026eba4b699b71f5cb7496eda15c8e1c2a48baf666216495a3d6c4672609f9b8.png","195-year-of-the-dragon"
"196","4","You're expecting a bad joke here, but it's not in the cards! Acquired by purchasing the Hero Khadgar.","Wondrous Wisdomcard","https://d15f34w2p8l1cc.cloudfront.net/hearthstone/0eb18b386ec430a6fca5375a08643553c56d1468690993b5f105e5547ca317f8.png","196-wondrous-wisdomcard"
"197","5","Fish out of water can be awkward… or decorative! Acquired by winning 5 games in ranked mode, March 2020.","Playing Koi","https://d15f34w2p8l1cc.cloudfront.net/hearthstone/36cdc58d24f7dae8def154cf4d7b0d5ccc505270fc6fc213f7e8933b342710da.png","197-playing-koi"
"198","5","It’s a shy guy but a fungi. Acquired by winning 5 games in ranked mode, April 2020.","Blushroom","https://d15f34w2p8l1cc.cloudfront.net/hearthstone/6c75ca6400a02b0d452ec9f06984ebc6d61944b735ebf3ebc977e8fd984413a3.png","198-blushroom"
"200","10","We have artfully arranged the remnants from Lady Vashj's last haircut for your viewing pleasure. Acquired by pre-purchasing Ashes of Outland.","Serpentine","https://d15f34w2p8l1cc.cloudfront.net/hearthstone/09fedbf9ab6e9dbb99e1eb45e659adcaa5c3a22f08d3a0c593d6ea059686914f.png","200-serpentine"
"201","5","Should you find yourself in the Underrot, you may feel a bit overwrought. Acquired by winning 5 games in ranked mode, May 2020.","Swamp Light","https://d15f34w2p8l1cc.cloudfront.net/hearthstone/57bdeb1b810dd6f50584861a0bd32bd87f2c38ff8f9ea315a8cf078889402491.png","201-swamp-light"
"202","5","Hey, who set the Emerald Dream to dark mode?! Acquired by winning 5 games in ranked mode, June 2020.","Mystic Forest","https://d15f34w2p8l1cc.cloudfront.net/hearthstone/cf53c86a78c9c01f090a017b0d05944b21af13a12308c25c3f1ae328d0124ed4.png","202-mystic-forest"
"203","3","It crackles with fel energy and the mechanical whir of forbidden upgrades. Acquired by successfully completing Trial by Felfire in Story mode.","Rusted Legion","https://d15f34w2p8l1cc.cloudfront.net/hearthstone/2b987e0fbc404c704dbb936cb77701990131d72ed2cff0d49cada818d033130b.png","203-rusted-legion"
"204","5","It is the yeast you could do. Acquired by winning 5 games in ranked mode, July 2020.","Rise Up!","https://d15f34w2p8l1cc.cloudfront.net/hearthstone/4d1705879c38db7b8108a50a19ef9f1b54a5f429617fbb9149f4570ef0622cb9.png","204-rise-up"
"205","4","If you want to take the demon by the horns, you'll have to get your own in the process. Obtained by purchasing the Aranna Starseeker bundle.","Aranna","https://d15f34w2p8l1cc.cloudfront.net/hearthstone/aac2bcf791a720251cadac82ca53eef37feea7888a95c2d4defe03e358b153ea.png","205-aranna"
"207","5","Congratulations on your acceptance to the academy! We look forward to transforming you into the magical person you're meant to be. Acquired by winning 5 games in ranked mode, August 2020.","Scholomance","https://d15f34w2p8l1cc.cloudfront.net/hearthstone/58029fbd4a683b4ffc1c2436467f2f07fd2eac73d2ea41fd883d78c8cfe153db.png","207-scholomance"
"208","4","He is many different things to different people. To the Kirin Tor—a betrayer, to the Lich King—a faithful servant, and to dogs—a great chew toy. Acquired by pre-purchasing Scholomance Academy.","Kel'Thuzad","https://d15f34w2p8l1cc.cloudfront.net/hearthstone/fc69c7d941034d205100dcde221fff102c0ee4215568b252e4e04e048acf7843.png","208-kelthuzad"
"209","5","Once upon a time, heroes gathered to witness the creation of something special! Created live on stream, May 2020. Acquired by winning 5 games in ranked mode, September 2020.","Faerie Tail","https://d15f34w2p8l1cc.cloudfront.net/hearthstone/20dad16311a8cc29c60defb6bb9d49f133cdfb813dababcb8a9494bd97b38ae9.png","209-faerie-tail"
"210","5","True story: Jin'rokh rocked this card back while breaking circuits, faces, and the meta. Acquired by winning 5 games in ranked mode, October 2020.","The Breaker","https://d15f34w2p8l1cc.cloudfront.net/hearthstone/aa0023858e452e86de3738b9453cadb60895eeebac98b260db0f67b53ca1ff4e.png","210-the-breaker"
"211","5","This card back makes the most satisfying crunching sound if you step on it. Acquired by winning 5 games in ranked mode, November 2020.","Autumn Leaf","https://d15f34w2p8l1cc.cloudfront.net/hearthstone/2720016c3ccc82ec91a201fa48d1ae71d91773c08b67e7769b0924ef8bf40f45.png","211-autumn-leaf"
"212","5","Bad behavior will not be tolerated! Unless it's extremely amusing. Acquired by winning 5 games in ranked mode, December 2020.","Valorous Virtue","https://d15f34w2p8l1cc.cloudfront.net/hearthstone/4bf859dca324300256397972248dad20e5d7a4d341b85168afffb9ee466c852e.png","212-valorous-virtue"
"215","4","You're beginning to dream of a glorious destiny! Spoilers: It involves calamari. Acquired by pre-purchasing Madness at the Darkmoon Faire.","N'Zoth","https://d15f34w2p8l1cc.cloudfront.net/hearthstone/a77425839c40c90c52358e62916c4c622bf4c2ab7eeb7d12d2609a0f69d18e23.png","215-nzoth"
"222","11","Turns out things can stay frosty for a seriously long time. Acquired from the shop during the anniversary event.","30 Years of Blizzard","https://d15f34w2p8l1cc.cloudfront.net/hearthstone/c19a7bb28122b0726bc5ca6f4467eee56e5ac93bbe1051276a1cc7e084b74b7f.png","222-30-years-of-blizzard"
"223","4","Don't call him ""Ham"" unless you want him to have a beef with you. Acquired by pre-purchasing Forged in the Barrens.","Hamuul","https://d15f34w2p8l1cc.cloudfront.net/hearthstone/16badc4da85083479cdaa9a0b4c2604d1590a09bfd45c894cb54827d8234598a.png","223-hamuul"
